{
  "rollWidget": {
    "origin": "BOTTOM",
    "offset": {
      "f_82470_": -110.33334,
      "f_82471_": -12.333336
    }
  }
}