{
  "rollWidget": {
    "origin": "BOTTOM",
    "offset": {
      "f_82470_": -115.333374,
      "f_82471_": -40.00002
    }
  }
}